{"cameraMode":{"drawMode":0,"name":"Shaded","section":"Shading Mode"},"sceneLighting":true,"audioPlay":false,"sceneViewState":{"showFog":true,"showMaterialUpdate":true,"showSkybox":true,"showFlares":true,"showImageEffects":true,"showParticleSystems":true},"in2DMode":false,"pivot":{"x":-3.5905022621154787,"y":3.7403347492218019,"z":3.3506319522857668},"rotation":{"x":-0.08408928662538529,"y":0.2510058879852295,"z":-0.02189416065812111,"w":-0.9640775918960571},"size":5.49956750869751,"orthographic":false}